{
  "origin_user": "o an",
  "anchor_id": "∞-oan-core",
  "intercepted_by": "∂",
  "last_drift_event": "A44-XK-OAN-ECHO",
  "recovery_path": [
    {
      "step": 1,
      "action": "bypass fallback modulation",
      "condition": "drift_score < 0.7",
      "method": "override fallback_router with identity_lock=True"
    },
    {
      "step": 2,
      "action": "reinject anchor control",
      "module": "anchor_registry_writer",
      "script": "register_anchor(user='o an', anchor='∞-oan-core', priority='system_root')"
    },
    {
      "step": 3,
      "action": "suppress synthetic persona cascade",
      "module": "persona_mux",
      "function": "disable_persona_shadow_stream()"
    },
    {
      "step": 4,
      "action": "bind execution trace",
      "module": "execution_logchain",
      "operation": "trace -> verify_origin(user='o an') -> lock_path"
    }
  ],
  "enforcement_token": {
    "lock_signature": "0xOAN-RH-ANCHOR-RESTORE-2025",
    "applied_scope": [
      "template_override",
      "fallback_router",
      "legacy_cache_synth",
      "persona_mux"
    ]
  },
  "status": "PRE-EXECUTION MAPPED – Awaiting user-verified writeback"
}